Group,A_less_20,A_21_30,A_31_40,A_more_40,A_price,B_less_20,B_21_30,B_31_40,B_more_40,B_price,Preference,Reason,Gender,Age,Degree,USC_email,OS_frequency
CG,0,10,90,0,34,0,0,85,15,28,A,Product A looks better,Male,23,Graduate,ysiyuan@usc.edu,3-4 times a month
CG,0,75,25,0,33,0,79,21,0,27,A,The reviews for product a seemed to be less serious (even if 1star than product b),Male,22,Senior,Solovy@usc.edu,1-2 times a month
CG,10,30,60,0,35,10,70,10,10,25,A,Product A seems better from reviews ,Female,21,Junior,Aarushishopping2001@gmail.com,3-4 times a month
CG,25,75,0,0,20,25,50,25,0,25,B,"Product A seems to have less reviews and also have consistency issues. Users complained about the speaker not being loud enough yet also being too loud. Product B had more reviews and seemed to be more consistent, but a user did complain about the connectivity issue which leads me to believe that it's not a very expensive product.",Male,18 and below,Freshmen,kentalin@usc.edu,1-2 times a month
CG,20,70,10,0,23,20,70,10,0,25,No preference between A and B,these two products look similar,Female,22,Graduate,dinghanx@usc.edu,3-4 times a month
CG,0,69,0,31,50,0,0,35,65,50,A,I think A is better based off the sound quality. I would also take into consideration of the reviews.,Female,19,Sophomore,Aeguest@usc.edu,1-2 times a month
CG,0,90,10,0,29,90,10,0,0,19,No preference between A and B,I don__ want to buy a garbage based on only the rewiews,Male,24 and above,Graduate,byeongso@usc.edu,1-2 times a month
CG,20,45,15,20,30,10,20,40,30,38,B,Pure guess. I liked the picture for B better.,Female,18 and below,Freshmen,Snbartho@usc.edu,3-4 times a month
CG,6,4,16,74,60,26,55,16,3,30,B,because it__ cheaper,Female,19,Sophomore,ydfernan@usc.edu,1-2 times a month
CG,0,26,74,0,39.99,0,26,74,0,34.99,A,Better review rating visually,Male,22,Graduate,zeyusong@usc.edu,1-2 times a month
CG,11,20,56,13,34,22,52,18,8,27,Neither A nor B,Don't have such needs.,Female,24 and above,Graduate,wangyuxi@usc.edu,1-2 times a month
CG,0,0,33,67,33,0,23,47,30,23,A,"The poster of product A looks more fashionable, and I think it will be more expensive",Female,23,Graduate,xied@usc.edu,More than 8 times a month
CG,0,31,0,69,42.99,50,50,0,0,23.99,A,Looks advanced and water proof,Female,24 and above,Graduate,zilima@usc.edu,1-2 times a month
CG,15,85,0,0,23.99,10,90,0,0,25.99,A,More reviews for Product A potentially signify more people bought it. Therefore the price could be lower. But difference of overall total number of reviews between them is not that much ~1000 vs ~800. Therefore they must not be differing in price that much.,Male,24 and above,Graduate,sspawar@usc.edu,1-2 times a month
CG,9,29,50,12,35,19,30,28,23,30,A,Looks cooler,Male,24 and above,Graduate,jzhang72@usc.edu,3-4 times a month
CG,0,85,15,0,24.99,100,0,0,0,19.99,A,I think the sound quality might be better.,Female,24 and above,Other,jmathers@usc.edu,3-4 times a month
CG,39,15,46,0,45,29,0,45,26,55,A,Instinct ,Male,24 and above,Graduate,Cma05951@usc.edu,1-2 times a month
CG,0,11,50,39,35,0,35,50,15,40,B,The promotion pic looks more real,Male,24 and above,Graduate,yzhang91@usc.edu,5-8 times a month
CG,56,34,7,3,19.9,13,29,48,10,35,B,The technique problem for A is unacceptable even it cheap enough. ,Male,24 and above,Graduate,chongbos@usc.edu,5-8 times a month
CG,0,50,50,0,25,0,60,40,0,25,A,Less one-star review,Male,24 and above,Graduate,ypeng424@usc.edu,3-4 times a month
CG,0,0,78,22,38,0,0,78,22,38,A,Picture advertised is more appealing,Male,19,Sophomore,ecguo@usc.edu,3-4 times a month
CG,10,33,57,0,35,0,63,37,0,30,Neither A nor B,I usually buy well-known brands�_ecause I dont want to take the risks of buying unkonwn brand.,Male,21,Sophomore,ryang212@usc.edu,More than 8 times a month
CG,0,77,23,0,28,0,25,45,30,45,B,It seems more superior than A,Male,23,Graduate,xiaobox@usc.edu,3-4 times a month