Group,A_less_20,A_21_30,A_31_40,A_more_40,A_price,B_less_20,B_21_30,B_31_40,B_more_40,B_price,Preference,Reason,Gender,Age,Degree,USC_email,OS_frequency
T1,0,0,100,0,38,0,0,100,0,38,A,The first one has volume buttons on the top ,Female,21,Senior,pelchat@usc.edu,3-4 times a month
T1,0,0,10,90,100,0,0,10,90,100,No preference between A and B,"Both five star, similar functionality, reviews are within same time period",Male,21,Junior,Pcwu@usc.edu,3-4 times a month
T1,0,0,100,0,32,0,0,100,0,32,No preference between A and B,There's no solid info from any costumer reviews,Male,24 and above,Graduate,huangyuy@usc.edu,1-2 times a month
T1,15,45,35,5,28,15,50,30,5,27,No preference between A and B,Both products are quite good based on the ratings and the reviews. Just the way people have loved both the products made me feel that both are equally fine and great for use,Male,22,Graduate,sukhani@usc.edu,3-4 times a month
T1,10,30,50,10,35,10,50,30,10,25,A,"The reviews of B show that B has some minor problems, but it's OK considering the price. So I believe B is much cheaper and with lower quality. Therefore I'll choose A.",Male,24 and above,Graduate,guodongs@usc.edu,1-2 times a month
T1,0,15,35,50,45,0,15,50,35,35,B,"There's no difference between A and B, but the number of 5 star reviews for B is higher than A. So I guess the price may be lower for B than A.",Female,24 and above,Graduate,geg@usc.edu,1-2 times a month
T1,5,8,21,66,55,12,18,35,35,43,A,"The photo looks nicer, more emphasis on detail of speaker rather than background ",Female,23,Senior,Hkmoss@usc.edu,1-2 times a month
T1,25,50,15,10,25,29,61,10,0,32,B,Reviews use more sophisticated language to describe sound quality for product B,Female,22,Senior,sipula@usc.edu,3-4 times a month
T1,0,26,68,6,37,5,34,38,23,39,B,The picture is more appealing,Female,20,Sophomore,mckeague@usc.edu,1-2 times a month
T1,27,63,10,0,25,0,0,38,62,150,B,Due to the number of reviews,Female,24 and above,Senior,.,1-2 times a month
T1,0,82,18,0,28,0,0,77,23,35,B,More reviews,Male,24 and above,Junior,nhtran@usc.edu,5-8 times a month
T1,73,10,13,4,25,60,15,14,11,26,A,looks better,Female,24 and above,Senior,lena@gmail.com,No online shopping at all
T1,10,7,26,57,60,0,16,30,54,79.99,A,"The image of A looks cleaner. I had trouble identifying what B is, but it looks more expensive. ",Female,22,Senior,angieyan@usc.edu ,1-2 times a month
T1,0,40,56,4,40,0,39,51,10,40,No preference between A and B,Seems no difference,Female,23,Graduate,hchen884@usc.edu,3-4 times a month
T1,0,50,50,0,26,0,45,55,0,32,A,Looks good with not being too expensive ,Female,24 and above,Graduate,ishitaba@usc.edu,1-2 times a month
T1,0,10,30,60,50,0,40,50,10,35,A,More button to control ,Female,22,Graduate,yhu77278@usc.edu,3-4 times a month
T1,0,17,46,37,40,0,9,43,48,41,No preference between A and B,seems like they are pretty similar,Male,22,Graduate,zhiyuson@usc.edu,1-2 times a month
T1,5,40,45,10,35,5,40,45,10,37,B,"More reviews means more people already ""tested"" this product. So there's a greater chance for B to function well as expected.",Female,22,Graduate,chennuo@usc.edu,5-8 times a month
T1,33,36,18,13,25,18,26,46,10,35,A,"I do not have this product, so I want to purchase one.",Female,24 and above,Graduate,liwenyi@usc.edu,3-4 times a month
T1,50,40,7,3,25,32,50,12,6,30,B,background,Female,24 and above,Graduate,xliu3990@usc.com,more than 8 times a month
T1,74,14,1,11,20,43,21,11,25,20,No preference between A and B,"Same quality, same reviews, same price ",Female,24 and above,Graduate,mikub.2079@yahoo.co.uk,5-8 times a month
T1,31,50,19,0,24.99,22,39,39,0,32.99,B,It looks cool and more expensive because of more reviews and good background,Male,24 and above,Graduate,dohoikim@usc.edu,5-8 times a month
T1,0,50,50,0,30,0,40,60,0,35,B,Picture that it displays the product ,Male,24 and above,Graduate,zx_940@usc.edu,1-2 times a month
T1,20,40,40,0,30,10,40,50,0,35,B,More reviews.,Male,24 and above,Graduate,lizihao@usc.edu,5-8 times a month
T1,51,36,13,0,24,60,20,20,0,20,B,5 stars customer reviews more than product A,Male,23,Graduate,Weiqizho@usc.edu,5-8 times a month
T1,0,0,100,0,35,0,100,0,0,30,B,Products seem similar or even the same. Therefore I guess the reason there are more good reviews for product B is it is cheaper than product A. ,Male,23,Graduate,xwan7484@usc.edu,3-4 times a month
T1,0,35,50,15,20,40,50,10,0,20,A,Looks better ,Female,22,Graduate,liana_madjarova@yahoo.com,5-8 times a month
T1,0,25,50,25,38,0,20,50,30,42,B,The selling picture seemed more trustworthy,Male,24 and above,Other,chess.markus@web.de,3-4 times a month
T1,0,79,18,3,30,3,54,36,7,30,A,Reviews,Male,24 and above,Freshmen,öö,1-2 times a month
T1,22,41,25,12,30,45,31,15,9,24,A,Better pic,Female,21,Graduate,pakhetran@gmail.com,5-8 times a month
T1,26,17,57,0,31.8,13,17,23,47,40.42,A,Better price ,Male,21,Graduate,k,1-2 times a month
T1,10,20,20,50,60,10,20,20,50,50,A,Picture more appealing,Male,24 and above,Graduate,dorian.cantele@gmail.com,1-2 times a month