Group,A_less_20,A_21_30,A_31_40,A_more_40,A_price,B_less_20,B_21_30,B_31_40,B_more_40,B_price,Preference,Reason,Gender,Age,Degree,USC_email,OS_frequency
T3,20,45,25,10,25,0,19,50,31,40,B,More five stars review online,Male,24 and above,Graduate,chenyunw@usc.edu,3-4 times a month
T3,1,49,50,0,34,1,49,50,0,34,No preference between A and B,They are so alike,Female,22,Graduate,kaidijia@usc.edu,5-8 times a month
T3,0,20,70,10,35,0,80,20,0,28,B, I think B product has the higher review as their cheap price,Male,23,Graduate,yehaogu@usc.edu,1-2 times a month
T3,0,37,63,0,35,0,0,53,47,40,B,"better views, similar price range",Female,19,Freshmen,shok@usc.edu,3-4 times a month
T3,15,40,40,5,30,0,20,30,50,48,B,I tend to prefer product with better reviews in online shopping because I considered it as a sign of __ainstream_ product.,Male,23,Graduate,beihaoch@usc.edu,3-4 times a month
T3,10,30,40,20,33,5,20,50,25,38,B,Common sounds better,Female,23,Graduate,luchunwa@usc.edu,3-4 times a month
T3,0,0,100,0,33,0,100,0,0,22,B,cheaper but better quality,Female,19,Freshmen,Tiamson@usc.edu,1-2 times a month
T3,0,32,48,20,38,0,20,34,46,50,B,"I like the background, I like the nature sound ",Female,24 and above,Graduate,yueruz@usc.edu,5-8 times a month
T3,0,100,0,0,25,0,0,0,100,50,B,"Even B is more pricey, its more functional.",Female,22,Graduate,yangyuhan@usc.edu,3-4 times a month
T3,35,57,8,0,30,100,0,0,0,5,A,A has reliable reviews. ,Female,21,Junior,jlee8219@usc.edu,3-4 times a month
T3,0,79,21,0,27,15,80,5,0,28,B,high review,Female,23,Graduate,xzhao422@usc.edu,More than 8 times a month
T3,0,0,34,66,68,0,33,67,0,35,A,NA,Female,23,Graduate,NA,3-4 times a month
T3,0,10,34,56,45,20,71,9,0,20,B,cheap and high star rate,Female,23,Graduate,wangyihu@usc.edu,3-4 times a month
T3,52,27,8,13,17,14,28,40,18,34,No preference between A and B,AB is no difference without extra information,Male,22,Junior,yuhaoz28@usc.edu,3-4 times a month
T3,100,0,0,0,15,39,61,0,0,25,B,"User reviews and experiences prove that it is of better quality, in line with its own price.",Female,24 and above,Graduate,szhang62@usc.edu,3-4 times a month
T3,15,23,39,23,37.99,18,36,26,20,27.99,No preference between A and B,The high rating products are always in good price and high quality,Prefer not to say,24 and above,Graduate,yubai@usc.edu,5-8 times a month
T3,0,0,10,90,40,0,0,10,90,40,A,"1. Reviews are mixed in A, but mostly positive. B looks paid or artificial. 2. A has a better picture (you can actually see the speaker easily)",Male,20,Junior,nloginov@usc.edu,No online shopping at all
T3,0,80,15,5,23.99,0,50,50,0,33.99,B,"Based on the customer reviews, B is more acknowledged.",Male,23,Graduate,yiyangx@usc.edu,5-8 times a month
T3,0,100,0,0,30,0,0,0,100,50,B,all the filter review of B is 5 stars.But A has some 1�2and 3stars,Male,23,Graduate,peizeson@usc.edu,More than 8 times a month
T3,0,0,0,100,100,0,0,0,100,100,No preference between A and B,Item value commonly depends on value. ,Male,24 and above,Graduate,jwen4960@usc.edu,1-2 times a month
T3,0,40,40,20,35,0,20,40,40,50,B,Looks higher end,Male,21,Junior,Drphung@usc.edu,3-4 times a month
T3,0,64,31,5,25,0,64,25,11,25,B,Color is more attractive.,Male,24 and above,Graduate,jihaoli@usc.edu,3-4 times a month
T3,0,0,100,0,35,0,100,0,0,25,No preference between A and B,The two product looks almost the same. I think I__l buy whichever is cheaper,Female,24 and above,Graduate,lan72605@usc.edu,3-4 times a month
T3,7,15,17,61,38,8,6,56,30,25,A,looks more direct and cool,Female,20,Sophomore,demizhou@usc.edu,1-2 times a month