Group,A_less_20,A_21_30,A_31_40,A_more_40,A_price,B_less_20,B_21_30,B_31_40,B_more_40,B_price,Preference,Reason,Gender,Age,Degree,USC_email,OS_frequency
T2,18,51,31,0,30,32,47,21,0,36,A,Cheaper and looks good ,Male,24 and above,Graduate,changboh@usc.edu,1-2 times a month
T2,0,100,0,0,20,0,100,0,0,22,Neither A nor B,Shit products,Male,24 and above,Graduate,gai@usc.edu,1-2 times a month
T2,0,0,100,0,35,0,100,0,0,25,Neither A nor B,It__ not what I want ,Male,23,Graduate,zebanghu3@gmail.com,3-4 times a month
T2,0,20,80,0,40,0,80,20,0,25,A,Better price quality ratio,Female,24 and above,Other,morlacco@usc.edu,More than 8 times a month
T2,0,41,51,8,35,57,28,7,8,15,A,Better reviews,Female,22,Graduate,laui@usc.edu,1-2 times a month
T2,5,30,30,35,28,15,47,30,8,25,A,The reviews,Male,22,Senior,Ougural@usc.edu,No online shopping at all
T2,7,46,47,0,30,0,88,12,0,20,A,The reviews were better,Female,24 and above,Graduate,Meghnagu@usc.edu,1-2 times a month
T2,0,100,0,0,35,0,100,0,0,28,B,I like that the buttons are black too,Female,23,Graduate,sanjanag@usc.edu,1-2 times a month
T2,0,22,24,54,83.45,14,56,30,0,35.6,No preference between A and B,I would be interested in buying either product,Female,22,Senior,anahiter@usc.edu,1-2 times a month
T2,24,24,47,5,20,0,35,65,0,40,A,A this the choice. ,Male,24 and above,Graduate,fliu7374@usc.edu,No online shopping at all
T2,0,31,16,53,45,0,25,51,24,35,A,The water symbol on the photo shows the product is more advance than the other one (like the symbol of waterproof and color),Female,22,Graduate,lingtong@usc.edu,5-8 times a month
T2,0,30,70,0,35.99,0,40,60,0,32.99,A,The picture of A is more attractive,Female,22,Graduate,yuchidon@usc.edu,3-4 times a month
T2,0,15,60,25,35,0,70,24,6,28,A,More five star ratings may guarantee higher quality of the product.,Female,23,Graduate,jshanggu@usc.edu,3-4 times a month
T2,11,14,59,16,39,5,12,62,21,40,B,The reviews of B is more than that of A. ,Female,22,Graduate,Yatingha@usc.edu,1-2 times a month
T2,0,10,30,60,70,0,10,30,60,60,A,Since the comment and customer review for the product a is better,Male,22,Graduate,Xushenxi@usc.edu,3-4 times a month
T2,0,48,52,0,32,0,55,45,0,30,No preference between A and B,all have many good reviews,Female,22,Graduate,xinyuma@usc.edu,3-4 times a month
T2,0,80,20,0,25,0,20,80,0,35,B,More real reviews,Male,24 and above,Graduate,hengruiw@usc.edu,3-4 times a month
T2,11,35,38,16,31,16,54,21,9,25,A,Good reviews are seen more easily.,Female,23,Graduate,liubingq@usc.edu,5-8 times a month
T2,10,15,60,15,35,9,60,27,4,25,A,Product A has better evaluation.,Female,24 and above,Graduate,yliu5204@usc.edu,5-8 times a month
T2,4,12,66,18,35,17,64,12,7,25,A,"From the review, A has better performance.",Male,24 and above,Graduate,yihuidon@usc.edu,3-4 times a month
T2,0,8,53,39,40,7,5,39,49,49.99,B,The picture for product A reminds me of old marketing done for speakers a few years ago. The photo for product B seems to prove its waterproof and it can be taken anywhere which isn't depicted in other photo.,Female,21,Junior,mbeal@usc.edu,More than 8 times a month
T2,30,50,20,0,24.99,30,50,20,0,22.99,No preference between A and B,"From the photos and introduction, there is no obvious difference between the two products, so there is no preference.",Female,23,Graduate,sifanren@usc.edu,More than 8 times a month
T2,0,6,27,67,59,10,37,47,6,38,A,better appearance of the image,Female,23,Graduate,"zzhang37@usc,edu",5-8 times a month
T2,5,30,50,15,47,15,50,30,5,25,A,"There__ no big difference of price between A and B, but A with better quality",Female,24 and above,Graduate,Baobaoti@usc.edu,3-4 times a month
T2,0,0,0,100,129,0,25,50,25,39,No preference between A and B,"I believe that the brand has true value even if the product is similar. However, it is hard to define a fair market value for the brand since it could vary a lot on person level. Thus, I don't have any preference between A and B and it could depend on my situation. ",Male,23,Graduate,zwang622@usc.edu,1-2 times a month
T2,25,15,12,48,25,20,14,13,53,25,No preference between A and B,Seems similar to me,Male,23,Graduate,yuandonx@usc.edu,1-2 times a month
T2,40,30,25,5,18,20,40,30,10,23,B,Product B has relatively objective and reasonable reviews ranging from 0 to 5 stars.,Male,24 and above,Graduate,chaoyij@usc.edu,3-4 times a month
T2,8,64,28,0,35,36,64,0,0,40,B,I prefer Bluetooth speaker because it__ portable and easy to use.,Male,21,Graduate,manavpra@usc.edu,1-2 times a month